"Service Tag","System Type","Ship Date","Dell IBU","Description","Provider","Start Date","End Date","Days Left"
"WLQL19W","No warranty information found."
"XEXQYZS","No warranty information found."
"251XJLA","No warranty information found."
"5G5QNDR","No warranty information found."
"UA9OLTZ","No warranty information found."
"Z3MB6KJ","No warranty information found."
"GG41QLJ","No warranty information found."
"WFMBSIN","No warranty information found."
"JSNTY7J","No warranty information found."
"J0D8HJK","No warranty information found."
"LS6N8AM","No warranty information found."
"LNN9BW0","No warranty information found."
"O0R7YLR","No warranty information found."
"BTTOR8L","No warranty information found."
"Z2F6BCQ","No warranty information found."
"WTW7PI4","No warranty information found."
"20213I2","No warranty information found."
"0F3CN05","No warranty information found."
"NT942US","No warranty information found."
"D7W7J3B","No warranty information found."
"JQ24PIN","No warranty information found."
"7U3T6KK","No warranty information found."
"L8UJXAQ","No warranty information found."
"A0MQFM4","No warranty information found."
"g1yl821","optiplex gx260","1/7/2003","americas","days left","client gold support / prosupport","dell","no","5/1/2007","5/2/2008","0","4 hour on-site service","qlx","no","5/17/2007","5/2/2008","0",""
"2CY2D3T","No warranty information found."
"S30XM08","No warranty information found."
"5BIARML","No warranty information found."
"NBDAS6U","No warranty information found."
"NQGGTYK","No warranty information found."
"3DY5903","No warranty information found."
"NVETK3E","No warranty information found."
"RZ2FGU1","No warranty information found."
"34ANB83","No warranty information found."
"KEMSWXA","No warranty information found."
"875XCEX","No warranty information found."
"0ZFFIWF","No warranty information found."
"1AF3H6M","No warranty information found."
"08QKBEK","No warranty information found."
"17LG7AT","No warranty information found."
"LCGGX09","No warranty information found."
"59ONS90","No warranty information found."
"KM7Y2QX","No warranty information found."
"CISE32L","No warranty information found."
"4XRSNPP","No warranty information found."
"KBQLGYI","No warranty information found."
"QVOS7PD","No warranty information found."
"0SL6VTE","No warranty information found."
"V2SV73C","No warranty information found."
"RSRTM1P","No warranty information found."
"1MNIUIB","No warranty information found."
"OFEPVI9","No warranty information found."
"CAYAZPJ","No warranty information found."
"SW185TT","No warranty information found."
"3WJE4CT","No warranty information found."
"Y8FKCTW","No warranty information found."
"OLMYDA5","No warranty information found."
"KT5L1G1","No warranty information found."
"hm6f71x","latitude c640","3/7/2003","asia / pacific","days left","standard technical phone support","dell","no","3/7/2003","3/7/2008","0",""
"IZT8L7U","No warranty information found."
"MOS2CNV","No warranty information found."
"NMEN257","No warranty information found."
"V2N1BHA","No warranty information found."
"57J3EOA","No warranty information found."
"OW1JDBO","No warranty information found."
"AS34QGY","No warranty information found."
"IN9QKSO","No warranty information found."
"QT9TNVD","No warranty information found."
"SC95Q3E","No warranty information found."
"C2K7S1L","No warranty information found."
"Y7S4644","No warranty information found."
"YEU9N0X","No warranty information found."
"Q11CUJ0","No warranty information found."
"WVH3O55","No warranty information found."
"159LV2C","No warranty information found."
"GINC31V","No warranty information found."
"D8U7FVV","No warranty information found."
"YCVWY7D","No warranty information found."
"VCZU08Y","No warranty information found."
"BAMMFCR","No warranty information found."
"9GYE83K","No warranty information found."
"9Q71PN3","No warranty information found."
"VP81DHZ","No warranty information found."
"40STG8Q","No warranty information found."
"MSHNK0Q","No warranty information found."
"UL9NXMC","No warranty information found."
"TXU92CT","No warranty information found."
"JUZKBUH","No warranty information found."
"2W9Q0JS","No warranty information found."
"9CDM72N","No warranty information found."
"8N6W8Q3","No warranty information found."
"4GPGHNY","No warranty information found."
"Z3LMLRC","No warranty information found."
"SBWURA8","No warranty information found."
"90EVRPP","No warranty information found."
"D0I1MGF","No warranty information found."
"E5IAE25","No warranty information found."
"RM3HKQL","No warranty information found."
"XANS069","No warranty information found."
"QDBW3AT","No warranty information found."
"WM3RJDW","No warranty information found."
"I2QTXC7","No warranty information found."
"GHF38WW","No warranty information found."
"A1I0G2Z","No warranty information found."
"LFJ2674","No warranty information found."
"9RO8C7J","No warranty information found."
"CEP5Z04","No warranty information found."
"TEQSNKN","No warranty information found."
"WJYD91Y","No warranty information found."
"SQ15SLN","No warranty information found."
"7XEWFVC","No warranty information found."
"GQ9E96G","No warranty information found."
"DW9U79K","No warranty information found."
"TDC0IW9","No warranty information found."
"SC9FO1K","No warranty information found."
"LYWTDMD","No warranty information found."
"UCWN4UB","No warranty information found."
"E6XUSKH","No warranty information found."
"V9997CW","No warranty information found."
"F9KU87G","No warranty information found."
"B690PTE","No warranty information found."
"KTJ43JY","No warranty information found."
"FOBYTRS","No warranty information found."
"8AFO24L","No warranty information found."
"Z8PWUWK","No warranty information found."
"EBJKZI4","No warranty information found."
"Y5E1I8Z","No warranty information found."
"C9PTBTK","No warranty information found."
"BF4KV8J","No warranty information found."
"8QXP353","No warranty information found."
"RQJGKGL","No warranty information found."
"Q63LRK4","No warranty information found."
"SUCLB46","No warranty information found."
"BJPLOGJ","No warranty information found."
"APPRO1W","No warranty information found."
"IR5XL58","No warranty information found."
"GDUPMXV","No warranty information found."
"YYE5171","No warranty information found."
"OAVT6SS","No warranty information found."
"NDX3WXU","No warranty information found."
"5AC1C6L","No warranty information found."
"TS8AW8T","No warranty information found."
"AS8WI5T","No warranty information found."
"R3UNUJ4","No warranty information found."
"5DIX67T","No warranty information found."
"KXOFXXB","No warranty information found."
"4GEP3NP","No warranty information found."
"1wqps3j","inspiron 1525","7/7/2008","europe","days left","car","dell","no","7/7/2008","7/7/2009","0",""
"W45J5OT","No warranty information found."
"FQ3ORWD","No warranty information found."
"3PO21G8","No warranty information found."
"9B8OYXF","No warranty information found."
"2M7JM1X","No warranty information found."
"OKMQG2E","No warranty information found."
"HP5BO7A","No warranty information found."
"G47UPH0","No warranty information found."
"K1NA919","No warranty information found."
"Z7J0NI0","No warranty information found."
"17K1AUY","No warranty information found."
"Y0CGP71","No warranty information found."
"T6TNKXV","No warranty information found."
"PR27DZL","No warranty information found."
"3BWDZ2G","No warranty information found."
"XY41SIP","No warranty information found."
"TY2WWP3","No warranty information found."
"YM7HXKX","No warranty information found."
"1STS9WB","No warranty information found."
"J17RY8V","No warranty information found."
"4DA5QFF","No warranty information found."
"IMV3U8Y","No warranty information found."
"99PCXWZ","No warranty information found."
"CYCFKBC","No warranty information found."
"8HAB87F","No warranty information found."
"D72JM35","No warranty information found."
"GQEFC6W","No warranty information found."
"LH4CAZ1","No warranty information found."
"TEG3E8M","No warranty information found."
"KBAMOWF","No warranty information found."
"TV2CDPN","No warranty information found."
"R09JYQB","No warranty information found."
"KJDMLO9","No warranty information found."
"JQY10NB","No warranty information found."
"NX1BESX","No warranty information found."
"GJNZN6E","No warranty information found."
"H9O3VVF","No warranty information found."
"OKCLYLJ","No warranty information found."
"CN1A2Z2","No warranty information found."
"YOUWFYM","No warranty information found."
"T86AP1T","No warranty information found."
"GXGIPOQ","No warranty information found."
"BBQO0JW","No warranty information found."
"2VF9PLZ","No warranty information found."
"G4GM18T","No warranty information found."
"GKQSG7L","No warranty information found."
"ZI8R9L2","No warranty information found."
"5ACD5AB","No warranty information found."
"M3KWSKW","No warranty information found."
"BGAKC9J","No warranty information found."
"2BJEKYC","No warranty information found."
"EYQ0QG8","No warranty information found."
"WEN48HE","No warranty information found."
"KAADYUF","No warranty information found."
"060OYXM","No warranty information found."
"EOV8BF8","No warranty information found."
"2XSSA99","No warranty information found."
"DLU6YJT","No warranty information found."
"MHOV4E8","No warranty information found."
"GNKBJA7","No warranty information found."
"M4HLHTD","No warranty information found."
"RI5TWJP","No warranty information found."
"FZ7L8M9","No warranty information found."
"DH62RHD","No warranty information found."
"EI9NTTP","No warranty information found."
"RHKBAT9","No warranty information found."
"ZHAWPTW","No warranty information found."
"B742EEK","No warranty information found."
"RVRIBDU","No warranty information found."
"XS6Y26B","No warranty information found."
"GQU12RH","No warranty information found."
"ZZSTFQI","No warranty information found."
"HJZBRIF","No warranty information found."
"VMRHZ5I","No warranty information found."
"XJQYV9S","No warranty information found."
"75720LE","No warranty information found."
"XBKL3W1","No warranty information found."
"MJJBY5G","No warranty information found."
"IQXOOZS","No warranty information found."
"V097366","No warranty information found."
"99N3GMN","No warranty information found."
"IMW82OZ","No warranty information found."
"QPSBER1","No warranty information found."
"UZFSEDI","No warranty information found."
"9TZ3H45","No warranty information found."
"24MUZX4","No warranty information found."
"E8OLRLC","No warranty information found."
"DSEJ9DB","No warranty information found."
"EO5TGX4","No warranty information found."
"8JXWDX0","No warranty information found."
"WJ38MDK","No warranty information found."
"6GIZ9T4","No warranty information found."
"S93GE66","No warranty information found."
"LN3T24V","No warranty information found."
"INL8WLZ","No warranty information found."
"PH6G4L5","No warranty information found."
"VTILAOS","No warranty information found."
"TN0IBAH","No warranty information found."
"SF1T0I4","No warranty information found."
"T0QZVT3","No warranty information found."
"P7LDF3F","No warranty information found."
"BI8QR1Y","No warranty information found."
"UTE1BOQ","No warranty information found."
"M4OZJ3B","No warranty information found."
"7XT856K","No warranty information found."
"LMG1AZG","No warranty information found."
"4NR6VXI","No warranty information found."
"1CEQCY8","No warranty information found."
"8H3E4EU","No warranty information found."
"4CA8QTE","No warranty information found."
"7TDRJ3X","No warranty information found."
"L9U5JBL","No warranty information found."
"9FTSP7I","No warranty information found."
"AOBCKMS","No warranty information found."
"3IW0U6K","No warranty information found."
"AC4Y23S","No warranty information found."
"LSTPJNU","No warranty information found."
"N0RHB5V","No warranty information found."
"D3WRD8B","No warranty information found."
"YJZO3P0","No warranty information found."
"ARNMMMP","No warranty information found."
"6972T2H","No warranty information found."
"QQ054KZ","No warranty information found."
"8HZO66D","No warranty information found."
"HCCXLHP","No warranty information found."
"KJZG1N2","No warranty information found."
"LSGDWNS","No warranty information found."
"1ZRAFRF","No warranty information found."
"ER2OJKX","No warranty information found."
"8560TMW","No warranty information found."
"BGDCRJQ","No warranty information found."
"KQRNFUC","No warranty information found."
"AG5X2TZ","No warranty information found."
"VJ5NVLZ","No warranty information found."
"T0A9I0W","No warranty information found."
"0D11324","No warranty information found."
"NLVHI45","No warranty information found."
"XF1YR3T","No warranty information found."
"WS16PL3","No warranty information found."
"UBW5PSV","No warranty information found."
"SFAA3LE","No warranty information found."
"CT7HGVO","No warranty information found."
"ML99AGW","No warranty information found."
"3TSCSX3","No warranty information found."
"GJ8ACXD","No warranty information found."
"OZXN013","No warranty information found."
"5HM2HFW","No warranty information found."
"T07XBBZ","No warranty information found."
"8QRLEMT","No warranty information found."
"IH5R0QM","No warranty information found."
"8GZNXMS","No warranty information found."
"O05S4EC","No warranty information found."
"RHUTF8Q","No warranty information found."
"OC5WJ6O","No warranty information found."
"HG7PL4F","No warranty information found."
"P52M8PD","No warranty information found."
"17DCUEG","No warranty information found."
"RG70WR1","No warranty information found."
"572TNKL","No warranty information found."
"6QK095T","No warranty information found."
"JAY2BXT","No warranty information found."
"S6TDQSF","No warranty information found."
"21Z6RX1","No warranty information found."
"74GFAN8","No warranty information found."
"2CX1AKD","No warranty information found."
"BR1HZKX","No warranty information found."
"W8WCIOF","No warranty information found."
"Q31JFNP","No warranty information found."
"CWD8Z3S","No warranty information found."
"4AKZM0W","No warranty information found."
"ZS70B1V","No warranty information found."
"EMLJVN7","No warranty information found."
"8ZAFI2R","No warranty information found."
"Y12SPGJ","No warranty information found."
"I6KOIGH","No warranty information found."
"V1XF0LH","No warranty information found."
"892LBJ6","No warranty information found."
"MAZV5CQ","No warranty information found."
"RD291WW","No warranty information found."
"4YKJ5WA","No warranty information found."
"63REYLJ","No warranty information found."
"NNH7ICU","No warranty information found."
"LFJKALJ","No warranty information found."
"XQRGYLF","No warranty information found."
"EHVU1KS","No warranty information found."
"XC282RR","No warranty information found."
"0QVPTQM","No warranty information found."
"A8O7O6H","No warranty information found."
"TAHR3XM","No warranty information found."
"KSOQ3ZO","No warranty information found."
"J9FRJIX","No warranty information found."
"GXV9XDX","No warranty information found."
"Y7P6WF1","No warranty information found."
"EW0LYR8","No warranty information found."
"KSD99M3","No warranty information found."
"S64T0YX","No warranty information found."
"8TSGMFK","No warranty information found."
"8DFDGOU","No warranty information found."
"0PHVBI1","No warranty information found."
"AXK725F","No warranty information found."
"2JR5XZU","No warranty information found."
"5M47HKL","No warranty information found."
"84QD31K","No warranty information found."
"N11F376","No warranty information found."
"93VWHTW","No warranty information found."
"L7WJC07","No warranty information found."
"I0RL71Y","No warranty information found."
"3IJ786S","No warranty information found."
"YK9TWBN","No warranty information found."
"WSZS47Q","No warranty information found."
"67SKGCY","No warranty information found."
"G2JTJA0","No warranty information found."
"KPEP3GN","No warranty information found."
"M4KZGON","No warranty information found."
"BNUBFE3","No warranty information found."
"W1QEY2J","No warranty information found."
"4EGJQ2X","No warranty information found."
"6OZNZRM","No warranty information found."
"PN4B9QI","No warranty information found."
"H8TJC5Y","No warranty information found."
"KVL45DI","No warranty information found."
"7CKHZCO","No warranty information found."
"48V2AGF","No warranty information found."
"286V7VE","No warranty information found."
"1KGJDI6","No warranty information found."
"D358W8O","No warranty information found."
"5BX4HO1","No warranty information found."
"QCVA3A2","No warranty information found."
"LHETTMK","No warranty information found."
"XY6SVWO","No warranty information found."
"09L0SJ3","No warranty information found."
"0P40MTB","No warranty information found."
"VGG9ZJI","No warranty information found."
"VY6FBTG","No warranty information found."
"OBGQBP1","No warranty information found."
"VIU260B","No warranty information found."
"5A60U15","No warranty information found."
"35QLE8C","No warranty information found."
"XG0UVPB","No warranty information found."
"P57HT9A","No warranty information found."
"1H88Z9M","No warranty information found."
"K6W066N","No warranty information found."
"WSDVXJJ","No warranty information found."
"T64R4OE","No warranty information found."
"TWE519A","No warranty information found."
"4UFI9ZE","No warranty information found."
"BCL91PV","No warranty information found."
"7MF7AQ6","No warranty information found."
"5UNYA1M","No warranty information found."
"QNH0MA3","No warranty information found."
"EQ5LJJG","No warranty information found."
"RF95XY4","No warranty information found."
"6AFUJW7","No warranty information found."
"67W95RX","No warranty information found."
"ZWIN8GK","No warranty information found."
"79CY5GS","No warranty information found."
"LNZ011O","No warranty information found."
"GNIIWR8","No warranty information found."
"MAEUM0J","No warranty information found."
"0TILJMQ","No warranty information found."
"B4A48V9","No warranty information found."
"1TQ4YUT","No warranty information found."
"DXAI1V9","No warranty information found."
"2mjr02j","optiplex gx620","12/28/2005","europe","days left","next business day","dell","no","12/28/2005","12/28/2008","0",""
"ROZ1IXL","No warranty information found."
"LH1HJ18","No warranty information found."
"FGI6VJ5","No warranty information found."
"VKI9BET","No warranty information found."
"GAZC3PY","No warranty information found."
"HRQOOUO","No warranty information found."
"8JFZXO7","No warranty information found."
"0PWB3VL","No warranty information found."
"V2QHY4B","No warranty information found."
"C90JWN5","No warranty information found."
"X17YXAN","No warranty information found."
"RFG1XI4","No warranty information found."
"B0RWM6F","No warranty information found."
"NT7DJP4","No warranty information found."
"BGIJXIH","No warranty information found."
"U19DZ6Z","No warranty information found."
"F5S9GN5","No warranty information found."
"L113DZ1","No warranty information found."
"3A2UJH5","No warranty information found."
"88NARCX","No warranty information found."
"34BE6VQ","No warranty information found."
"JWKHG0V","No warranty information found."
"SWW7IKW","No warranty information found."
"WZEXK7U","No warranty information found."
"CEE8FXA","No warranty information found."
"5KVATAW","No warranty information found."
"Y65RXLX","No warranty information found."
"V7D4HKI","No warranty information found."
"1ME9NO4","No warranty information found."
"0SEN7XM","No warranty information found."
"CRSXG63","No warranty information found."
"5RYBHEA","No warranty information found."
"H8IZRUR","No warranty information found."
"12XAB0P","No warranty information found."
"QEZGE0L","No warranty information found."
"JDNLH83","No warranty information found."
"25X7SNQ","No warranty information found."
"CMXD4MQ","No warranty information found."
"S9IAI84","No warranty information found."
"MSVA4WC","No warranty information found."
"NEF1SU4","No warranty information found."
"1AJMLVR","No warranty information found."
"T53TQ0Q","No warranty information found."
"0ZFPR1D","No warranty information found."
"FQ9918O","No warranty information found."
"EAXY6DP","No warranty information found."
"Z3FDEMN","No warranty information found."
"WPZ6K8T","No warranty information found."
"E0H0HAT","No warranty information found."
"FWMZAAA","No warranty information found."
"281XDMY","No warranty information found."
"UM75V59","No warranty information found."
"53NOD3P","No warranty information found."
"DXUH5AV","No warranty information found."
"S3644YC","No warranty information found."
"P2NZZTJ","No warranty information found."
"250NCAE","No warranty information found."
"A9H6XN8","No warranty information found."
"RFG2J60","No warranty information found."
"6YCJWQS","No warranty information found."
"DOSVATY","No warranty information found."
"GAPQJF4","No warranty information found."
"TXCFB9R","No warranty information found."
"OHP0CFR","No warranty information found."
"W7R5TNV","No warranty information found."
"I6HTUHC","No warranty information found."
"5PU2ADN","No warranty information found."
"R19OD0B","No warranty information found."
"CM5XWJN","No warranty information found."
"OD9FXWI","No warranty information found."
"TLEDQYB","No warranty information found."
"ZKNUIZI","No warranty information found."
"FU0QCIC","No warranty information found."
"5MEM7YU","No warranty information found."
"JGJ4XRQ","No warranty information found."
"I92EQCB","No warranty information found."
"CDHZ2RB","No warranty information found."
"GJNL75W","No warranty information found."
"4MY71YG","No warranty information found."
"406967Q","No warranty information found."
"OSWMFWG","No warranty information found."
"8ANUS8B","No warranty information found."
"9CBRWP0","No warranty information found."
"B0X846K","No warranty information found."
"IM13ZOX","No warranty information found."
"W9QP5EE","No warranty information found."
"AF9WVW6","No warranty information found."
"SA9AYPJ","No warranty information found."
"YDMR4J6","No warranty information found."
"ACQN0DJ","No warranty information found."
"17P5S3I","No warranty information found."
"VB1J19Q","No warranty information found."
"ZBBW8OV","No warranty information found."
"EKNST94","No warranty information found."
"RYZBP94","No warranty information found."
"P3US4U1","No warranty information found."
"K2PQGBG","No warranty information found."
"NP4R7IU","No warranty information found."
"AM1AD06","No warranty information found."
"ZMVERLS","No warranty information found."
"UNUZRQM","No warranty information found."
"V2NSIJN","No warranty information found."
"7N7WZ7N","No warranty information found."
"3Z3RQMC","No warranty information found."
"5JQJLWG","No warranty information found."
"9Y0C76J","No warranty information found."
"3X50ZYQ","No warranty information found."
"8E4I23H","No warranty information found."
"M8PWT0U","No warranty information found."
"U5NHP9S","No warranty information found."
"OT6OH2Q","No warranty information found."
"ND60K1M","No warranty information found."
"4ND7Q3E","No warranty information found."
"71LD8YT","No warranty information found."
"PFVLEL4","No warranty information found."
"U58ONZ0","No warranty information found."
"0VZMVXQ","No warranty information found."
"DW32EE6","No warranty information found."
"M0F2ERI","No warranty information found."
"2G9TFHD","No warranty information found."
"F2BPLUK","No warranty information found."
"5ZPWVGK","No warranty information found."
"8T1AUTH","No warranty information found."
"5C3WDKY","No warranty information found."
"PC7Q0WL","No warranty information found."
"LB0B08H","No warranty information found."
"6BC7TY0","No warranty information found."
"4X0DMC5","No warranty information found."
"Y09U4VE","No warranty information found."
"G6LM68C","No warranty information found."
"XHPWSYX","No warranty information found."
"6DM2M22","No warranty information found."
"3T2H58I","No warranty information found."
"3VHGLRJ","No warranty information found."
"LMA7ATI","No warranty information found."
"3V5S9DJ","No warranty information found."
"YK9BY51","No warranty information found."
"XXLHNXL","No warranty information found."
"KU19UAQ","No warranty information found."
"13RNBX7","No warranty information found."
"D3OJNOD","No warranty information found."
"HG1C5X1","No warranty information found."
"UI5GRD3","No warranty information found."
"1QKSSF6","No warranty information found."
"J8IAOUI","No warranty information found."
"JXIV2A5","No warranty information found."
"H2E0W4K","No warranty information found."
"DYN1X6V","No warranty information found."
"MDO2XTI","No warranty information found."
"ZGOSQ5B","No warranty information found."
"M3LQRM5","No warranty information found."
"FZXIHQK","No warranty information found."
"BJ2RHL6","No warranty information found."
"TDBNPSS","No warranty information found."
"C25LJ9K","No warranty information found."
"MWX3OFJ","No warranty information found."
"XR6P6MA","No warranty information found."
"ICNN3VI","No warranty information found."
"I6TO3KG","No warranty information found."
"SZ5HW5A","No warranty information found."
"KLPJDH8","No warranty information found."
"UPRPWJ6","No warranty information found."
"X6QV36V","No warranty information found."
"3W9A5Z1","No warranty information found."
"4LTIXV2","No warranty information found."
"IVDFOGN","No warranty information found."
"8MPI198","No warranty information found."
"UJKFE1L","No warranty information found."
"SN8P2J7","No warranty information found."
"0V4HTFT","No warranty information found."
"52znmn1","poweredge r610","11/3/2010","americas","days left","silver premium support","dell","no","11/3/2010","11/3/2013","1021","next business day support","uny","no","11/4/2011","11/3/2013","730","next business day support","uny","no","11/3/2010","11/3/2011","290","next business day support","uny","no","11/3/2010","11/3/2011","290",""
"BL1BD5G","No warranty information found."
"F72R6TR","No warranty information found."
"64ODLDW","No warranty information found."
"0GNPOZ4","No warranty information found."
"P5MZN6G","No warranty information found."
"8UMS50M","No warranty information found."
"OYHKL8S","No warranty information found."
"49K0352","No warranty information found."
"X9KVN1U","No warranty information found."
"8IYZG79","No warranty information found."
"NDTT255","No warranty information found."
"PBG4MS9","No warranty information found."
"MRIQ5WV","No warranty information found."
"LREPFAJ","No warranty information found."
"GFY0KHH","No warranty information found."
"AX60P9W","No warranty information found."
"E6C6Q7W","No warranty information found."
"ZBBWGZH","No warranty information found."
"182EKVO","No warranty information found."
"H1LFM90","No warranty information found."
"QMYEBUZ","No warranty information found."
"XCHK5LL","No warranty information found."
"SZY0DCH","No warranty information found."
"VBZPE9Y","No warranty information found."
"M07HUV7","No warranty information found."
"ZUKENGQ","No warranty information found."
"CKPL3N9","No warranty information found."
"ZB0OMUN","No warranty information found."
"SEVD74O","No warranty information found."
"QXOK6RS","No warranty information found."
"D3V2BU2","No warranty information found."
"MOEDJOD","No warranty information found."
"UG0QYJ8","No warranty information found."
"JGCJMRW","No warranty information found."
"2ATRXVR","No warranty information found."
"FQ3P3TZ","No warranty information found."
"DTFPHVR","No warranty information found."
"TRA34IJ","No warranty information found."
"8WOT1NV","No warranty information found."
"NBQLL1F","No warranty information found."
"IV3YQX8","No warranty information found."
"E3CGP66","No warranty information found."
"RU9CZY5","No warranty information found."
"B2SV3JI","No warranty information found."
"UFF5VNW","No warranty information found."
"H99TDTT","No warranty information found."
"3FQ75EW","No warranty information found."
"OUHQI97","No warranty information found."
"JNRDZ2E","No warranty information found."
"A1OF9JB","No warranty information found."
"3R0SQ85","No warranty information found."
"4FKLBWA","No warranty information found."
"BK47CMZ","No warranty information found."
"WQS3IOT","No warranty information found."
"3RZLILV","No warranty information found."
"QTG4AFS","No warranty information found."
"AKW4FE9","No warranty information found."
"TPPHSZ3","No warranty information found."
"PVC0MS5","No warranty information found."
"IRC8TCD","No warranty information found."
"EGT9BT4","No warranty information found."
"USH0CCH","No warranty information found."
"RII2XT5","No warranty information found."
"L6OYQTK","No warranty information found."
"B66G15S","No warranty information found."
"53MMIRK","No warranty information found."
"AT66O3T","No warranty information found."
"YQ0L1CV","No warranty information found."
"8BYVGBC","No warranty information found."
"5ALSS5W","No warranty information found."
"TQG9ZUM","No warranty information found."
"0JM3X2V","No warranty information found."
"04IPA6L","No warranty information found."
"XQ0GYI6","No warranty information found."
"S6ZKZZ6","No warranty information found."
"W1KIC6W","No warranty information found."
"DL2QI8C","No warranty information found."
"US4HTYI","No warranty information found."
"7ZH34S1","No warranty information found."
"BAY1K5X","No warranty information found."
"WRVNEIF","No warranty information found."
"5MFZBZF","No warranty information found."
"6VV4QYB","No warranty information found."
"BBDMSI5","No warranty information found."
"718G0OH","No warranty information found."
"DNDFHOS","No warranty information found."
"U4AMWT6","No warranty information found."
"PREKRQ4","No warranty information found."
"1REN9I2","No warranty information found."
"507ZZ22","No warranty information found."
"IHLLFNK","No warranty information found."
"3TLM0ZR","No warranty information found."
"P026EJI","No warranty information found."
"JZD9DPZ","No warranty information found."
"WRA0D30","No warranty information found."
"TOHPVSA","No warranty information found."
"FH0FRAL","No warranty information found."
"SZEU2EH","No warranty information found."
"6VR0OWN","No warranty information found."
"ZEZ0826","No warranty information found."
"PDCHRUL","No warranty information found."
"M7IBJHO","No warranty information found."
"ALB034F","No warranty information found."
"VYJY5B4","No warranty information found."
"SO92NWS","No warranty information found."
"AF0HHWA","No warranty information found."
"6JRRA5W","No warranty information found."
"KJNDWBT","No warranty information found."
"47U1A85","No warranty information found."
"1TN2KZL","No warranty information found."
"N02YXFU","No warranty information found."
"BETKFXS","No warranty information found."
"GDSSF2N","No warranty information found."
"TH7BX3T","No warranty information found."
"H7NTVUM","No warranty information found."
"EIOAPNF","No warranty information found."
"CF7S2X0","No warranty information found."
"IPP8KQZ","No warranty information found."
"I0ZNOOD","No warranty information found."
"5PXRXP3","No warranty information found."
"DT54Z31","No warranty information found."
"D70X0TX","No warranty information found."
"2NH0KU4","No warranty information found."
"K8PMZTS","No warranty information found."
"3E5Y5NQ","No warranty information found."
"TAPZOUW","No warranty information found."
"7PRU355","No warranty information found."
"9E5NYVL","No warranty information found."
"U9BOQOT","No warranty information found."
"R28WPTT","No warranty information found."
"2ER1MS1","No warranty information found."
"MNGAROT","No warranty information found."
"B54SLIX","No warranty information found."
"XVZKPA9","No warranty information found."
"X9YMSXX","No warranty information found."
"EZXH11L","No warranty information found."
"9QYMB8O","No warranty information found."
"BAUNKJX","No warranty information found."
"C7JTXZ3","No warranty information found."
"9IW4XQV","No warranty information found."
"9DXT93N","No warranty information found."
"DSG136O","No warranty information found."
"2MB5P3O","No warranty information found."
"QKKY3GO","No warranty information found."
"EWIMXCY","No warranty information found."
"QTAKO6J","No warranty information found."
"87VAQMK","No warranty information found."
"FFZDWJU","No warranty information found."
"BMP3O7U","No warranty information found."
"QE0881E","No warranty information found."
"YBKVUN3","No warranty information found."
"6TELQIT","No warranty information found."
"C1X071Y","No warranty information found."
"QO46K0U","No warranty information found."
"CP2ITJM","No warranty information found."
"OMX09GC","No warranty information found."
"0ETMBI8","No warranty information found."
"FEY12ZF","No warranty information found."
"771U6ZG","No warranty information found."
"RXBPLP0","No warranty information found."
"RG9LUJ7","No warranty information found."
"6DCUFJ7","No warranty information found."
"762NR37","No warranty information found."
"QCNQGAZ","No warranty information found."
"23BYSJO","No warranty information found."
"BP082F7","No warranty information found."
"NOAB5VO","No warranty information found."
"7J0VPXW","No warranty information found."
"6PPRCMT","No warranty information found."
"UQL4SGR","No warranty information found."
"4PGN97B","No warranty information found."
"6A33HC0","No warranty information found."
"BJUBR0X","No warranty information found."
"MEN543J","No warranty information found."
"GOO2AA2","No warranty information found."
"O90U797","No warranty information found."
"KH8R4H4","No warranty information found."
"KWMOYUP","No warranty information found."
"VE3WF60","No warranty information found."
"2AJ2P5B","No warranty information found."
"4O4JOGB","No warranty information found."
"NLJ1OK0","No warranty information found."
"S6Z9UX9","No warranty information found."
"L3DYR9C","No warranty information found."
"D4RUJUM","No warranty information found."
"SIB7Y09","No warranty information found."
"3G2HBW4","No warranty information found."
"R7JQGSS","No warranty information found."
"8KEC60O","No warranty information found."
"5T0LXZI","No warranty information found."
"8OEV2A0","No warranty information found."
"N96PO3D","No warranty information found."
"WY9A155","No warranty information found."
"4QA62JU","No warranty information found."
"91TIGG4","No warranty information found."
"FBQVCV8","No warranty information found."
"LEVTI5F","No warranty information found."
"Y1ML0PW","No warranty information found."
"JEC6LJ8","No warranty information found."
"K70Y9V7","No warranty information found."
"WBG2UMR","No warranty information found."
"R8DEZT8","No warranty information found."
"56FCNFG","No warranty information found."
"P4TMKOU","No warranty information found."
"E97IF03","No warranty information found."
"FC0KGGT","No warranty information found."
"NCAZA7C","No warranty information found."
"J39Z6MM","No warranty information found."
"5XI3ULT","No warranty information found."
"9BZ89AM","No warranty information found."
"6E1HP2D","No warranty information found."
"7554MIX","No warranty information found."
"RUO9QWF","No warranty information found."
"59Z0UNI","No warranty information found."
"3FOAUF5","No warranty information found."
"6U9ALM9","No warranty information found."
"4GALOUO","No warranty information found."
"ZRG1IG4","No warranty information found."
"B5OSRMA","No warranty information found."
"TH23U21","No warranty information found."
"9B4S561","No warranty information found."
"XFVWLOF","No warranty information found."
"BD8IBXF","No warranty information found."
"JSC83SG","No warranty information found."
"CI0HCSF","No warranty information found."
"O2IOEU0","No warranty information found."
"3Y2YDMR","No warranty information found."
"L05P3QX","No warranty information found."
"S2AV880","No warranty information found."
"IR517K0","No warranty information found."
"HZ4UTJS","No warranty information found."
"R6630D3","No warranty information found."
"QZM189J","No warranty information found."
"12T534X","No warranty information found."
"UIPUQYO","No warranty information found."
"Y0CZGCP","No warranty information found."
"QECKU9Z","No warranty information found."
"RRJXRW0","No warranty information found."
"UBJHLR9","No warranty information found."
"4HSMPOZ","No warranty information found."
"KZFWQJK","No warranty information found."
"ESS3NCI","No warranty information found."
"PR00MXE","No warranty information found."
"94KI1JQ","No warranty information found."
"7OUHJW5","No warranty information found."
"AGZIWAX","No warranty information found."
"9WS4Y5B","No warranty information found."
"OU1R7I9","No warranty information found."
"N83NCLH","No warranty information found."
"ROS6BDS","No warranty information found."
"GD482X0","No warranty information found."
"P1QIXQJ","No warranty information found."
"N99HJ42","No warranty information found."
"3L35VJ2","No warranty information found."
"GYR8YI7","No warranty information found."
"P5DWWT2","No warranty information found."
"I7K75HY","No warranty information found."
"E9AJBW4","No warranty information found."
"Y4JI9PT","No warranty information found."
"Q5HBDYI","No warranty information found."
"QGQIM8Q","No warranty information found."
"DLS6WPI","No warranty information found."
"1CTAQEW","No warranty information found."
"5Q0PYYY","No warranty information found."
"DOQB3EU","No warranty information found."
"LVNXRBM","No warranty information found."
"UYV2JRH","No warranty information found."
"GQ08A3S","No warranty information found."
"9QPU97Z","No warranty information found."
"3JZ9MSB","No warranty information found."
"4FA0ZFR","No warranty information found."
"MVRYPJ4","No warranty information found."
"GEQBX66","No warranty information found."
"Z8STVOR","No warranty information found."
"T0ENZ41","No warranty information found."
"0BS6MUE","No warranty information found."
"6BCVBBL","No warranty information found."
"WZ6D82P","No warranty information found."
"IM1QB5M","No warranty information found."
"SDCMY4S","No warranty information found."
"MS1AMHS","No warranty information found."
"KHNZRQB","No warranty information found."
"URIWZOX","No warranty information found."
"AIC417K","No warranty information found."
"Y7ZECFW","No warranty information found."
"ESVS489","No warranty information found."
"WCSP77L","No warranty information found."
"JT51HLG","No warranty information found."
"ZMMS2EM","No warranty information found."
"5OPE2GL","No warranty information found."
"3HYE04I","No warranty information found."
"MBS2SE7","No warranty information found."
"WG2B6Q9","No warranty information found."
"AZFJ12H","No warranty information found."
"XWJR536","No warranty information found."
"U5FQ0CZ","No warranty information found."
"R35FW02","No warranty information found."
"S2VV3A0","No warranty information found."
"65AMKJ0","No warranty information found."
"Y6DPOB2","No warranty information found."
"1QSDAW1","No warranty information found."
"0LN7B5A","No warranty information found."
"YU5JFT1","No warranty information found."
"6OBN5PF","No warranty information found."
"QRIMPJP","No warranty information found."
"SW2DBVV","No warranty information found."
"C43S6RH","No warranty information found."
"MZMESQI","No warranty information found."
"R1MPYYC","No warranty information found."
"B1Z99WO","No warranty information found."
"ZXFQVX9","No warranty information found."
"L8GEPB1","No warranty information found."
"K2HBXOF","No warranty information found."
"PCEIDIP","No warranty information found."
"AJQ8560","No warranty information found."
"MNUI266","No warranty information found."
"KH5OOFG","No warranty information found."
"SGS05SD","No warranty information found."
"GZYZB1G","No warranty information found."
"92TCHUD","No warranty information found."
"51F3C1H","No warranty information found."
"OQ3HFQU","No warranty information found."
"25J0BVM","No warranty information found."
"G0QQILX","No warranty information found."
"O19J6UA","No warranty information found."
"XYNS0AK","No warranty information found."
"HPFF9W8","No warranty information found."
"Y6C92XX","No warranty information found."
"L0ZN57D","No warranty information found."
"AS6HKPV","No warranty information found."
"YPMS9QW","No warranty information found."
"J3FW1Z5","No warranty information found."
"1D1TRG6","No warranty information found."
"RHP71LQ","No warranty information found."
"7Z9O7FE","No warranty information found."
"8AAVJ3U","No warranty information found."
"52OBML0","No warranty information found."
"4F42RER","No warranty information found."
"49YKC4Q","No warranty information found."
"DN23O4D","No warranty information found."
"IK5TM3O","No warranty information found."
"EQHYPZZ","No warranty information found."
"4TALJNM","No warranty information found."
"JCRZFU5","No warranty information found."
"ILSX1SD","No warranty information found."
"ZBQ9035","No warranty information found."
"ZM9ECKH","No warranty information found."
"LPOHJD0","No warranty information found."
"HH96MGS","No warranty information found."
"EX3WLMU","No warranty information found."
"3ZQ2EUA","No warranty information found."
"H86W1GT","No warranty information found."
"YO2ZWS2","No warranty information found."
"AEXJAQC","No warranty information found."
"VF9XI0B","No warranty information found."
"NV37D29","No warranty information found."
"VKBN87P","No warranty information found."
"I21RMYS","No warranty information found."
"44BZBQ6","No warranty information found."
"XJCW8RL","No warranty information found."
"R3IMVMQ","No warranty information found."
"3ONKC9B","No warranty information found."
"JKZF32K","No warranty information found."
"UAGEQJU","No warranty information found."
"UQB38Q9","No warranty information found."
"9SQNP7S","No warranty information found."
"W0WVAPS","No warranty information found."
"NJATNZ0","No warranty information found."
"425NHWR","No warranty information found."
"Z1BJQ89","No warranty information found."
"9E4I9WB","No warranty information found."
"BK1DOQD","No warranty information found."
"ERGBK86","No warranty information found."
"8KF68RO","No warranty information found."
"UUEZJ0N","No warranty information found."
"S9XLBF1","No warranty information found."
"55JHLRU","No warranty information found."
"BAZ028W","No warranty information found."
"LUX1ERB","No warranty information found."
"705Q6WY","No warranty information found."
"D3Y1RYP","No warranty information found."
"431P74C","No warranty information found."
"EITRXK0","No warranty information found."
"72ZH09L","No warranty information found."
"Z0NIAY1","No warranty information found."
"PVHNN0D","No warranty information found."
"9IIAFWS","No warranty information found."
"PC2Y2OP","No warranty information found."
"F1VM6HI","No warranty information found."
"Q1J4XZY","No warranty information found."
"8L65AJ5","No warranty information found."
"WV3G1NI","No warranty information found."
"NHMKZBL","No warranty information found."
"VH3N4ZU","No warranty information found."
"RU7QKPP","No warranty information found."
"V6USBQM","No warranty information found."
"3LMEONI","No warranty information found."
"KN5H1MQ","No warranty information found."
"3g4dd81","inspiron b120","12/14/2005","americas","limited technical support","dell","12/14/2005","12/14/2006","0","rapid response depot","sol","12/14/2005","12/14/2006","0",""
"Q66W02M","No warranty information found."
"1XMFHJQ","No warranty information found."
"CW4UNXR","No warranty information found."
"RUPUOH0","No warranty information found."
"5K250CR","No warranty information found."
"V3FH055","No warranty information found."
"11V5YIH","No warranty information found."
"X0EEU7Z","No warranty information found."
"ATPQHPR","No warranty information found."
"GNGPRJB","No warranty information found."
"BZW6W9J","No warranty information found."
"WSC6CYZ","No warranty information found."
"15VY31V","No warranty information found."
"EXMDDXS","No warranty information found."
"YXOM0FX","No warranty information found."
"R2O3R0J","No warranty information found."
"JYPISM3","No warranty information found."
"875RAM6","No warranty information found."